{
    "FunCodeProject": 242.455051,
    "rest": 8.91769,
    "Product Survey": 6.135934
}